{"format": "layers-model", "generatedBy": "keras v2.2.4-tf", "convertedBy": "TensorFlow.js Converter v1.5.2", "modelTopology": {"keras_version": "2.2.4-tf", "backend": "tensorflow", "model_config": {"class_name": "Sequential", "config": {"name": "sequential_2", "layers": [{"class_name": "Dense", "config": {"name": "dense", "trainable": true, "batch_input_shape": [null, 162], "dtype": "float32", "units": 150, "activation": "tanh", "use_bias": true, "kernel_initializer": {"class_name": "GlorotUniform", "config": {"seed": null}}, "bias_initializer": {"class_name": "Zeros", "config": {}}, "kernel_regularizer": null, "bias_regularizer": null, "activity_regularizer": null, "kernel_constraint": null, "bias_constraint": null}}, {"class_name": "BatchNormalization", "config": {"name": "batch_normalization", "trainable": true, "dtype": "float32", "axis": [1], "momentum": 0.99, "epsilon": 0.001, "center": true, "scale": true, "beta_initializer": {"class_name": "Zeros", "config": {}}, "gamma_initializer": {"class_name": "Ones", "config": {}}, "moving_mean_initializer": {"class_name": "Zeros", "config": {}}, "moving_variance_initializer": {"class_name": "Ones", "config": {}}, "beta_regularizer": null, "gamma_regularizer": null, "beta_constraint": null, "gamma_constraint": null}}, {"class_name": "Dropout", "config": {"name": "dropout", "trainable": true, "dtype": "float32", "rate": 0.4, "noise_shape": null, "seed": null}}, {"class_name": "Dense", "config": {"name": "dense_1", "trainable": true, "batch_input_shape": [null, 150], "dtype": "float32", "units": 150, "activation": "tanh", "use_bias": true, "kernel_initializer": {"class_name": "GlorotUniform", "config": {"seed": null}}, "bias_initializer": {"class_name": "Zeros", "config": {}}, "kernel_regularizer": null, "bias_regularizer": null, "activity_regularizer": null, "kernel_constraint": null, "bias_constraint": null}}, {"class_name": "BatchNormalization", "config": {"name": "batch_normalization_1", "trainable": true, "dtype": "float32", "axis": [1], "momentum": 0.99, "epsilon": 0.001, "center": true, "scale": true, "beta_initializer": {"class_name": "Zeros", "config": {}}, "gamma_initializer": {"class_name": "Ones", "config": {}}, "moving_mean_initializer": {"class_name": "Zeros", "config": {}}, "moving_variance_initializer": {"class_name": "Ones", "config": {}}, "beta_regularizer": null, "gamma_regularizer": null, "beta_constraint": null, "gamma_constraint": null}}, {"class_name": "Dropout", "config": {"name": "dropout_1", "trainable": true, "dtype": "float32", "rate": 0.4, "noise_shape": null, "seed": null}}, {"class_name": "Dense", "config": {"name": "dense_2", "trainable": true, "batch_input_shape": [null, 150], "dtype": "float32", "units": 150, "activation": "tanh", "use_bias": true, "kernel_initializer": {"class_name": "GlorotUniform", "config": {"seed": null}}, "bias_initializer": {"class_name": "Zeros", "config": {}}, "kernel_regularizer": null, "bias_regularizer": null, "activity_regularizer": null, "kernel_constraint": null, "bias_constraint": null}}, {"class_name": "BatchNormalization", "config": {"name": "batch_normalization_2", "trainable": true, "dtype": "float32", "axis": [1], "momentum": 0.99, "epsilon": 0.001, "center": true, "scale": true, "beta_initializer": {"class_name": "Zeros", "config": {}}, "gamma_initializer": {"class_name": "Ones", "config": {}}, "moving_mean_initializer": {"class_name": "Zeros", "config": {}}, "moving_variance_initializer": {"class_name": "Ones", "config": {}}, "beta_regularizer": null, "gamma_regularizer": null, "beta_constraint": null, "gamma_constraint": null}}, {"class_name": "Dropout", "config": {"name": "dropout_2", "trainable": true, "dtype": "float32", "rate": 0.4, "noise_shape": null, "seed": null}}, {"class_name": "Dense", "config": {"name": "dense_3", "trainable": true, "batch_input_shape": [null, 150], "dtype": "float32", "units": 150, "activation": "tanh", "use_bias": true, "kernel_initializer": {"class_name": "GlorotUniform", "config": {"seed": null}}, "bias_initializer": {"class_name": "Zeros", "config": {}}, "kernel_regularizer": null, "bias_regularizer": null, "activity_regularizer": null, "kernel_constraint": null, "bias_constraint": null}}, {"class_name": "BatchNormalization", "config": {"name": "batch_normalization_3", "trainable": true, "dtype": "float32", "axis": [1], "momentum": 0.99, "epsilon": 0.001, "center": true, "scale": true, "beta_initializer": {"class_name": "Zeros", "config": {}}, "gamma_initializer": {"class_name": "Ones", "config": {}}, "moving_mean_initializer": {"class_name": "Zeros", "config": {}}, "moving_variance_initializer": {"class_name": "Ones", "config": {}}, "beta_regularizer": null, "gamma_regularizer": null, "beta_constraint": null, "gamma_constraint": null}}, {"class_name": "Dropout", "config": {"name": "dropout_3", "trainable": true, "dtype": "float32", "rate": 0.4, "noise_shape": null, "seed": null}}, {"class_name": "Dense", "config": {"name": "dense_4", "trainable": true, "batch_input_shape": [null, 150], "dtype": "float32", "units": 12, "activation": "softmax", "use_bias": true, "kernel_initializer": {"class_name": "GlorotUniform", "config": {"seed": null}}, "bias_initializer": {"class_name": "Zeros", "config": {}}, "kernel_regularizer": null, "bias_regularizer": null, "activity_regularizer": null, "kernel_constraint": null, "bias_constraint": null}}]}}, "training_config": {"loss": "categorical_crossentropy", "metrics": ["acc"], "weighted_metrics": null, "sample_weight_mode": null, "loss_weights": null, "optimizer_config": {"class_name": "Adam", "config": {"name": "Adam", "learning_rate": 2.9999999242136255e-05, "decay": 1.0000000116860974e-07, "beta_1": 0.8999999761581421, "beta_2": 0.9990000128746033, "epsilon": 1e-07, "amsgrad": false}}}}, "weightsManifest": [{"paths": ["group1-shard1of1.bin"], "weights": [{"name": "batch_normalization/gamma", "shape": [150], "dtype": "float32"}, {"name": "batch_normalization/beta", "shape": [150], "dtype": "float32"}, {"name": "batch_normalization/moving_mean", "shape": [150], "dtype": "float32"}, {"name": "batch_normalization/moving_variance", "shape": [150], "dtype": "float32"}, {"name": "batch_normalization_1/gamma", "shape": [150], "dtype": "float32"}, {"name": "batch_normalization_1/beta", "shape": [150], "dtype": "float32"}, {"name": "batch_normalization_1/moving_mean", "shape": [150], "dtype": "float32"}, {"name": "batch_normalization_1/moving_variance", "shape": [150], "dtype": "float32"}, {"name": "batch_normalization_2/gamma", "shape": [150], "dtype": "float32"}, {"name": "batch_normalization_2/beta", "shape": [150], "dtype": "float32"}, {"name": "batch_normalization_2/moving_mean", "shape": [150], "dtype": "float32"}, {"name": "batch_normalization_2/moving_variance", "shape": [150], "dtype": "float32"}, {"name": "batch_normalization_3/gamma", "shape": [150], "dtype": "float32"}, {"name": "batch_normalization_3/beta", "shape": [150], "dtype": "float32"}, {"name": "batch_normalization_3/moving_mean", "shape": [150], "dtype": "float32"}, {"name": "batch_normalization_3/moving_variance", "shape": [150], "dtype": "float32"}, {"name": "dense/kernel", "shape": [162, 150], "dtype": "float32"}, {"name": "dense/bias", "shape": [150], "dtype": "float32"}, {"name": "dense_1/kernel", "shape": [150, 150], "dtype": "float32"}, {"name": "dense_1/bias", "shape": [150], "dtype": "float32"}, {"name": "dense_2/kernel", "shape": [150, 150], "dtype": "float32"}, {"name": "dense_2/bias", "shape": [150], "dtype": "float32"}, {"name": "dense_3/kernel", "shape": [150, 150], "dtype": "float32"}, {"name": "dense_3/bias", "shape": [150], "dtype": "float32"}, {"name": "dense_4/kernel", "shape": [150, 12], "dtype": "float32"}, {"name": "dense_4/bias", "shape": [12], "dtype": "float32"}]}]}